user_id,name,age,email,city,signup_date,monthly_income
00001,Jesse Lawhorn,20,sstanly@quinnox.com,Sibolga,1958-10-15,No Income
00002,Stacy Payne,24,freshers@lntinfotech.com,Al Abyār,2004-07-21,Below Rs.10000
00003,Katrina Nicewander,22,vsresume@visteon.com,Wādī as Sīr,2000-02-07,Below Rs.10000
00004,Eric Yarbrough,22,hr@imageil.com,Matera,1985-04-14,No Income
00005,Daniel Adkins,22,smita.kandiraju@ge.com,Biruaca,1955-09-18,Below Rs.10000
00006,Diane Jara,27,careers@aricent.com,Belton,1967-06-18,More than 50000
00007,Sheryl Morgan,22,jobs@webyog.com,Haslingden,1969-02-09,No Income
00008,William Harper,24,martina.mokal@cgi.com,Ad-Damazin,1965-12-30,No Income
00009,Virginia Varron,23,greensoft@vsnl.net,Tabuk,1984-08-16,No Income
00010,Charles Figueroa,23,archana.srikanth@cgi.com,Ongole,2003-03-08,No Income
00011,Paul Chain,22,resume@delphi.com,Timashyovsk,1984-04-07,No Income
00012,Christina Parker,23,ravi.sangam@wipro.com,Roeselare,1963-08-30,Below Rs.10000
00013,Jack Freeman,23,jagadeesh@speedconsult.com,Manzhouli,1984-08-07,No Income
00014,Wayne Fasano,21,hrd@ebss.org,Quíbor,1955-03-30,No Income
00015,Homer Maxwell,23,jkushala@brocade.com,Biaora,1968-12-01,10001 to 25000
00016,Frank Holmes,24,ajith.abraham@hp.com,Islāmnagar,1984-01-09,No Income
00017,Donald Zeller,28,career.scs@siemens.com,Paiçandu,1970-05-17,25001 to 50000
00018,Sheldon Wentz,23,jobs@replicon.com,Greenwood Village,1969-05-14,No Income
00019,Isabel Williams,25,neelimarao.p@ascendum.com,Gryfice,1981-08-15,No Income
00020,Cody Watson,21,jobs@ascendum.com,Date,1986-03-07,Below Rs.10000
00021,Doris Vinci,24,anupa715@comcast.net,Yŏnan-ŭp,2002-08-17,No Income
00022,Bobby Christensen,22,anupama715@comcast.net,Rājpīpla,1966-05-10,No Income
00023,William Richardson,22,here@cisco.com,Zhakou,1964-10-31,No Income
00024,Hester Avery,23,aniketk@ellipsesoftware.com,Rumia,1982-05-01,No Income
00025,Ruth Burns,21,jobs@ellipsesoftware.com,Magangué,1990-10-18,Below Rs.10000
00026,William Pitman,25,careers@hysistechnologies.com,Sabae,2003-06-25,No Income
00027,Darrell Prendergast,22,vineet.harithas@honeywell.com,Novozybkov,1984-10-15,No Income
00028,Manuel Helton,22,i.jasmine@sampoorna.com,Welisara,1989-04-29,No Income
00029,Rena Wild,23,l.jasmine@sampoorna.com,Motril,1982-08-11,10001 to 25000
00030,Marilyn Mahan,22,raksha.nm@siemens.com,Garanhuns,1989-01-17,Below Rs.10000
00031,David Coleman,22,ashwin.kalyan@sgi.com,Wassenberg,1963-06-09,10001 to 25000
00032,Steven Hille,22,wpcareers@nokia.com,Char Bhadrāsan,2001-01-20,No Income
00033,Joyce Lashley,25,resume.idc@microchip.com,Korydallós,1967-03-06,More than 50000
00034,Christian Kim,22,techcareers@ivycomptech.com,Damascus,1965-11-16,10001 to 25000
00035,Manuel Strickland,22,sanchita_roy@mcafee.com,Bedelē,1989-03-30,No Income
00036,Erica Dilks,25,recruitment@ishisystems.com,Quthbullapur,1993-04-12,10001 to 25000
00037,Justin Gallant,25,freshers@mphasis.com,Saint-Germain-en-Laye,2001-12-31,No Income
00038,Christopher Martin,32,boon@onmobile.com,Ibeto,1983-11-13,No Income
00039,Robert Ross,23,globaljobs@ubics.com,Mira Taglio,1994-02-22,No Income
00040,Laurie Mcgee,23,careers@zenithsoft.com,Gongyi,1984-09-08,No Income
00041,Carrie Bruner,30,geetha@sampoorna.com,El Reno,1978-05-01,More than 50000
00042,Diana French,23,sonali@merittrac.com,Coram,1992-08-23,No Income
00043,Arthur Quezada,23,career_blr@nokia.com,Bīsalpur,1999-03-02,No Income
00044,William Putnam,22,careers.scs@siemens.com,St Clair,1959-04-04,No Income
00045,Heidi Morrow,22,tejaswani.pednecar@eclerx.com,Fendou,1965-10-02,No Income
00046,Teofila Harris,27,siva.machiraju@oracle.com,Petrogradka,1962-04-18,10001 to 25000
00047,Crystal Summy,24,s.shaffi@sampoorna.com,V.S.K.Valasai (Dindigul-Dist.),1956-07-08,No Income
00048,Brenda Gegenheimer,23,sayantani.biswas@aricent.com,Abinsk,1984-03-18,No Income
00049,Joshua Morgan,23,manjula@cranessoftware.com,Ulu Tiram,1997-12-23,No Income
00050,Cynthia Avellino,22,hr@ptpl.com,Liberec,1984-10-13,10001 to 25000
00051,Michael Fairbanks,23,santhkumar@zte.com,Granite Bay,2003-11-22,No Income
00052,Audrey Hollenbeck,23,ashu.gupta@zte.com,Xiamen,1959-03-24,No Income
00053,James Vazquez,24,careers@qsitglobal.com,Ciudad Lineal,1958-08-13,No Income
00054,Carita Scott,25,anchal_bharadwaj@mindtree.com,Brest,1970-09-01,No Income
00055,David Haden,22,laxmi.anand@oracle.com,Lubbock,2001-12-25,No Income
00056,Richard Dickson,28,cyril.george@gm.com,Prakhon Chai,1958-05-26,No Income
00057,Richard Soto,22,shivananda.g@netapp.com,Leduc,2002-02-20,No Income
00058,Verda Barry,24,shivakumarg@huawei.com,Oltiariq,1956-12-28,No Income
00059,Charles Xiong,31,shilpa.m1@ge.com,Vicaria,1987-02-09,More than 50000
00060,Jacqueline Watkins,25,shama@peepalconsulting.com,Ra'anana,1959-11-18,No Income
00061,Angel Barnes,23,shakunthala.bhat@wipro.com,Jhā-Jhā,1971-10-15,No Income
00062,Karla Williams,22,shaiju@zmcit.com,Tékane,1984-11-06,No Income
00063,Dorothy Cheng,23,contact.us@insilicoss.com,Sonāri,1993-09-04,25001 to 50000
00064,Eric Rice,23,basappa@sgcib.com,Ahwatukee Foothills,1998-02-04,No Income
00065,Jane Blackwell,23,3gcareers@sasi.com,Ancaster,1961-02-12,No Income
00066,Blanche Demby,25,careers@ti.com,Las Tunas,1986-07-22,No Income
00067,Julie Allen,24,anupama.chandalia@ge.com,Mbandaka,1995-04-05,10001 to 25000
00068,Lori Montague,23,freshers@infosys.com,Zagazig,1960-12-06,No Income
00069,David Gibson,23,amashok@cisco.com,Lynbrook,1954-10-20,No Income
00070,Joseph Sherman,24,abhishek.raghuvanshi@igate.com,Ashta,1988-11-15,More than 50000
00071,Ted Blackwell,22,achappa.bheemaiah@oracle.com,Nanfeng,1978-08-13,No Income
00072,Jared Howard,24,agowda@informatica.com,Canton,1967-09-21,10001 to 25000
00073,Charles Mccall,25,akila@dsmsoft.com,Yaxing,1983-05-19,No Income
00074,Lawrence Johnson,23,akram.mohammed@cgi.com,Trappes,2001-04-18,No Income
00075,Michael Gamble,26,akkhande@cisco.com,Dana Point,1986-11-19,No Income
00076,Lucy Lea,24,akshatha.rao@intel.com,Bagar,1974-06-03,25001 to 50000
00077,Candy Camacho,26,amat_gcp@amat.com,Austin,1972-03-02,No Income
00078,David Nguyen,21,amitabh.chaturvedi@oracle.com,Feteşti,1975-09-30,No Income
00079,Naomi Wallace,22,amitkirtimnnit@paladion.net,Sangrūr,1965-09-11,No Income
00080,Maragaret Ellis,24,amrita.porwal@circlesource.com,Uryupinsk,1986-09-30,No Income
00081,Andrew Jimenes,24,anjali@aztecsoft.com,Putney,1997-11-14,10001 to 25000
00082,Rebekah Tiger,23,anjan.sharma@igate.com,San Nicola la Strada,1982-05-13,No Income
00083,Henry Lebowitz,23,ayesha.m@lgcnsglobal.com,Morristown,1996-04-29,No Income
00084,Rosa Perez,22,anzithrd@anz.com,Raigarh,1973-09-02,No Income
00085,John Greene,23,aparna.george@siemens.com,Nouméa,1971-07-07,No Income
00086,Michelle Mayhew,24,augustine.kurian@dendrite.com,Maying,1985-05-14,No Income
00087,David Prunty,24,ashwini.krishnamurthy@nokia.com,Mashhad,1983-04-08,No Income
00088,Sheryl Godfrey,25,bharathi.k@stratiss.com,Jais,1983-04-07,No Income
00089,Juan Martinez,25,bhaskar.tiwari@wipro.com,Jesús María,1963-11-10,No Income
00090,Anna Bolton,28,bhavana.rao@trianz.com,Salisbury,1995-07-16,10001 to 25000
00091,Lorraine Bolt,27,blr.freshers@nokia.com,Ketanggungan,1955-09-20,25001 to 50000
00092,Karen Silkenson,26,recruit@novell.com,Tanggulangin,1961-11-18,10001 to 25000
00093,Valerie Webb,22,bmathew@gracelabs.com,Suzano,1961-12-08,No Income
00094,Carmen Blackburn,24,bpscareers@ps.net,Shibganj,1983-02-19,No Income
00095,Anna Whitfield,23,brijesh.sequeira@mphasis.com,Gaoliu,2001-01-05,No Income
00096,Lynn Edmiston,25,byramani.naresh@ca.com,Chaoyang,1995-12-19,No Income
00097,Nanci Sabatino,23,campusrelations_in@oracle.com,Ocotlán de Morelos,2000-09-17,No Income
00098,Beverly Rash,23,career@welspun.com,Tietê,1999-02-17,No Income
00099,Felecia Windham,26,career@vinchip.com,Szeged,1992-11-27,25001 to 50000
00100,Connie Turner,32,career@novell.com,Pastavy,1978-02-24,No Income
00101,Arthur Pranger,24,career@mindlogicx.com,Saint-Paul,1970-10-01,10001 to 25000
00102,William Seidman,23,career@sterlingwilson.com,Bedford Park-Nortown,2000-01-30,No Income
00103,Thomas Montgomery,22,career@jindalsteel.com,Chhāpar,1999-02-06,10001 to 25000
00104,Ericka Griffis,24,career@rolta.com,Emmiganūr,1980-06-19,No Income
00105,Edna Kimbrough,26,career.sei@samsung.com,Enfield Town,1967-02-01,25001 to 50000
00106,John Watts,28,careers@infitechglobal.com,Georgetown,1996-07-04,More than 50000
00107,Lisa Blackwell,26,careers@talleen.com,Romulus,1985-12-17,More than 50000
00108,David Pugh,25,careers@mithi.com,Libeň,1997-08-27,No Income
00109,Austin Smith,25,careers@maventic.com,Hawthorn,1999-03-12,Below Rs.10000
00110,Charles Hughes,18,careers@makrotech.com,Goole,1955-04-24,No Income
00111,John Hendrickson,21,careers@tallysolution.com,Palm Valley,1991-08-12,No Income
00112,Edwin Frantz,25,careers@subexgroup.com,Calama,1961-01-26,No Income
00113,Michael Paquette,25,careers@sasken.com,Aonla,1983-10-19,Below Rs.10000
00114,Barry Small,23,careers.blr@ranal.com,Körfez,1984-10-25,No Income
00115,Ana Moore,23,careers.edec@emerson.com,Thohoyandou,1979-08-16,10001 to 25000
00116,Karen Draper,25,careersblr.in@siemens.com,Kot Radha Kishan,1981-01-02,25001 to 50000
00117,Shelby Barnes,31,carrers@thbs.com,Greenwood,1986-03-18,No Income
00118,John Tackett,24,chandra.prabha@azilon.com,Arnold,1989-12-09,More than 50000
00119,Rhonda Adam,32,chandrad.nissparta@relianceada.com,Cedar Park,1965-06-05,25001 to 50000
00120,Charles Garrett,25,cheryl@bellsoftinc.com,Jalālābād,1987-01-12,25001 to 50000
00121,Dawn Diaz,27,cochin.office@havells.com,Al Hārithah,1988-12-05,More than 50000
00122,Lela Burns,26,comeleon@hathway.com,Acaraú,1963-09-12,25001 to 50000
00123,Charles Murillo,26,das.kirloskar@kenexa.com,Flagstaff,1954-03-18,25001 to 50000
00124,Bonnie Labree,32,debabrata.h@samsung.com,Hannan,1980-04-18,More than 50000
00125,Trinidad Eastman,24,deepa@motorola.com,Bafoussam,1960-11-20,More than 50000
00126,Angelica Walker,27,deepi.reddy@lancoglobal.com,Huaibei,1987-03-21,25001 to 50000
00127,Charles Martin,23,dhamayanthi@triconinfotech.com,Formby,1961-07-06,No Income
00128,Terry Herald,25,dinesh.r@marlabs.com,Amsterdam-Zuidoost,1973-12-25,No Income
00129,Lilian Davis,23,djayasheelan@mindlance.com,Puchheim,1958-09-29,No Income
00130,Benjamin Stewart,23,dpunia@sapient.com,Newmarket,1964-11-19,No Income
00131,Manuel Amato,28,eb@avtarcc.com,Chistopol’,1961-12-20,More than 50000
00132,William Ashford,32,energy.hrhtc@ge.com,Diepsloot,2000-02-02,More than 50000
00133,Felix Davis,23,fefs@aspiresys.com,Bogor,1978-01-04,No Income
00134,Maggie Jess,19,fresher@healthasyst.com,Hyesan,1992-01-26,No Income
00135,Dorothy Dominguez,19,fresher@lntemsys.com,Ridgewood,1992-11-08,No Income
00136,Anthony Bell,27,freshers@quinnox.com,Gouda,1986-07-20,25001 to 50000
00137,Robert Douglas,25,freshers@google.com,Jimeta,1974-12-09,25001 to 50000
00138,Ivan Mcnelis,33,freshers@eaton.com,Vienne,1954-08-29,More than 50000
00139,April Thomas,26,freshers@inetframe.com,Santo Domingo de los Colorados,1991-08-29,More than 50000
00140,Amy Baker,22,freshers_ind@dendrite.com,Kamen’-na-Obi,1970-05-08,Below Rs.10000
00141,Curt Anderson,23,freshers.iic@ge.com,Provo,1958-05-03,No Income
00142,Kevin Dempsey,22,freshersblr@arm.com,Villiers-sur-Marne,1958-12-04,No Income
00143,Emilia Hermanson,25,gaurav@briskan.com,Nordhorn,1978-10-10,25001 to 50000
00144,Billie Esser,30,gaurav.handa@siemens.com,Miandrarivo,1967-10-22,No Income
00145,Ronald Stello,24,geii.careers.mumbai@ge.com,Kankauli,1976-01-11,No Income
00146,James Ortiz,25,harish.gaur@siemens.com,Qualiano,1958-07-03,10001 to 25000
00147,Gerardo Moran,23,harish.muniraju@oracle.com,Gharo,1975-07-15,More than 50000
00148,Bryon Martin,24,harshali@anlagehro.com,North Augusta,1999-11-09,No Income
00149,Randolph Villani,32,hina.r@genisysgroup.com,Crépy-en-Valois,2001-12-17,10001 to 25000
00150,Lee Patterson,22,hr@limtexit.com,Tríkala,1987-01-08,No Income
00151,Julia Corso,23,hrd@lapizdigital.com,Vršac,1962-11-08,More than 50000
00152,Ray Dudley,23,hrd@macmet.com,Pinamungahan,1992-08-07,No Income
00153,Lenora Woo,20,hr@netcreativemind.com,Ambatofinandrahana,1991-10-09,No Income
00154,Benjamin Smith,21,hr.fresher@nokia.com,Shāhāda,1982-01-23,No Income
00155,Elnora Douglas,24,hr@softjin.com,Shibirghān,1967-07-21,10001 to 25000
00156,Patricia Jackson,23,inforajesh.hr@inbosh.com,Ruidian,1989-12-07,No Income
00157,Esther Bradley,25,jobs@cisco.com,Budapest XVI. kerület,2000-11-07,25001 to 50000
00158,Thomas Driscoll,32,igp.bangalore@infineon.com,Chiplūn,1981-09-21,No Income
00159,Evelyn Reeves,27,kumaresh.selvaraj@ge.com,Bray,1961-03-28,More than 50000
00160,Salina Day,20,graduate_fellowships@amat.com,Al Khafjī,1966-04-25,No Income
00161,Larry Rogers,21,amind_hr@amat.com,Kumanovo,1959-05-28,No Income
00162,Kevin Washington,26,careers@cerebracomputers.com,Ilaro,1955-06-27,More than 50000
00163,Marjorie Leatherwood,25,hrd@dcspl.com,Norden,1965-10-15,10001 to 25000
00164,Linsey Gannon,26,subrata@dcspl.com,Datong,1958-07-06,25001 to 50000
00165,Teresa Johnson,26,flexisys@rediffmail.com,Madang,1964-11-13,25001 to 50000
00166,Isaac Jackson,27,leelavathy.ck@kmgin.com,Jinan-gun,1971-09-26,More than 50000
00167,Virginia Curtis,27,hr.blr@bluechipsw.com,Lüdinghausen,2002-06-06,No Income
00168,Jacob Wright,24,jobs@captronicsystems.com,Bibir Hat,1984-08-29,No Income
00169,Edward Miller,25,jobs@exateam.com,Neftekamsk,1968-05-17,More than 50000
00170,Arthur Nace,20,viji.g@ivtlinfoview.co.jp,Leshan,1970-02-03,No Income
00171,Victoria Duncan,22,athikho.kayina@gxs.com,Ryde,1995-04-12,No Income
00172,Ruth Blackman,26,anitha.krishnappa@igate.com,Wau,1993-09-29,Below Rs.10000
00173,Robert Murray,27,raheem.ahmed@ge.com,Vapi,1958-04-20,25001 to 50000
00174,Maxine Meza,25,raghu@esparkinfotech.com,Arcelia,1959-07-16,No Income
00175,Joanne Perritt,24,joseph.lukose@relianceada.com,Kenema,1973-02-20,Below Rs.10000
00176,Regina Washington,23,sherin@xsysys.com,Vadigenhalli,1985-03-30,10001 to 25000
00177,Bessie Freeman,22,accenture@merittrac.com,Cataguases,1958-09-20,No Income
00178,Kristy Spindler,26,ajay.p@novell.com,Epsom,1958-09-26,More than 50000
00179,Judy Hosler,26,ananth.radhakrishanan@oracle.com,Tire,1962-01-24,Below Rs.10000
00180,Anna Woloszyn,25,anitha.intercon@gmail.com,Kahului,1978-06-04,25001 to 50000
00181,Heather Lewis,29,anitha@cosmonetsolutions.com,Peddāpuram,2000-01-11,More than 50000
00182,Andrea Guererro,23,ankit.dubey@philips.com,Fusagasugá,1997-02-26,Below Rs.10000
00183,Mia Bickers,22,annie.bird@oracle.com,Balaka,1966-06-09,25001 to 50000
00184,Henry Parkman,22,annysoft@gmail.com,Waregem,1979-05-02,No Income
00185,Mary Willis,32,archana@relq.com,Chintāmani,1998-07-13,No Income
00186,Christopher Fowler,28,arunak@wisor.com,Parbhani,1965-06-23,More than 50000
00187,Thomas Jacobs,22,ashish_juneja@macfee.com,Boiarka,1975-02-03,No Income
00188,Sean Colemen,25,ashmita.dep@parkcontrols.com,Lubliniec,1984-11-01,10001 to 25000
00189,Theresa Samaniego,26,avivabangalore@247customer.com,Clichy,1954-06-14,25001 to 50000
00190,Adam Box,31,balasubramaniam.atla@tcs.com,Rogers Park,1990-08-26,More than 50000
00191,Marlene Rodgers,24,bangalore_careers@tcs.com,Haiyang,1992-01-08,No Income
00192,Valerie Woock,24,bangalore@havells.com,Lidingö,1995-12-02,25001 to 50000
00193,Eva Payne,31,careers@tcs.com,South Hayling,1963-05-05,More than 50000
00194,Lawrence Doney,26,beulah_anne@emc.com,Dhanbad,1966-07-14,25001 to 50000
00195,Joseph Heninger,24,bharthi.palla@translogicsys.com,Rossendale,2000-12-13,More than 50000
00196,Wayne Williams,22,campus@csc.com,Estrela,1990-01-16,No Income
00197,Martha Dorsey,19,campus0405@spectrumconsultants.com,Guanhães,1982-03-04,No Income
00198,Kelly Gearhart,25,career.softec@gmail.com,Selogiri,1985-04-12,More than 50000
00199,Warren Felder,23,career@princeplastics.com,Helmstedt,1975-12-07,No Income
00200,Robert Cole,23,career@tallysolution.com,Shivaji Nagar,1990-06-09,No Income
00201,Edmund Raney,23,careers_hrd@infosys.com,Erdaojiang,1955-01-18,No Income
00202,Maureen Acuna,24,careers_se@infosys.com,Yunmen,1984-01-05,No Income
00203,David Muzzey,22,careers.gti@jpmorgan.com,Jampur,1993-11-10,25001 to 50000
00204,Rodney Mccall,26,careers.inetframe@rediffmail.com,Fukuchiyama,1977-12-03,More than 50000
00205,Sherry Settles,25,careers@crescoglobal.com,Huanan,1995-11-15,No Income
00206,Irene Mull,20,careers@digitallydefined.com,Breaza,1981-05-31,No Income
00207,Julie Allen,29,careers@futuresoft.com,Greater Upper Marlboro,1988-04-24,25001 to 50000
00208,Eddie Cutler,23,careers@gaytescorp.com,Cardito,1956-12-22,No Income
00209,Mark Latta,25,careers@gnostica.com,Kunda,1994-09-17,More than 50000
00210,Esther Bantz,29,careers@gnostice.com,Karaçoban,1999-10-25,25001 to 50000
00211,Eric Barrera,27,careers@imaginetventures.com,Villeneuve-d'Ascq,1965-12-17,25001 to 50000
00212,Timothy Florens,25,careers@mindtree.com,Telford,1958-04-16,10001 to 25000
00213,Martha Isham,21,careers@nexeia.com,Linjiang,1983-03-10,No Income
00214,Elliott Alvarado,23,nethraj@tratumtech.com,Alot,1966-09-21,No Income
00215,Jonathan Scott,24,nutan@onmobile.com,Ciampea,1994-07-03,10001 to 25000
00216,Anthony Maki,32,people@mindtree.com,Gümüşhane,1978-04-27,10001 to 25000
00217,Janice Warner,28,peoplezeal.freshers@gmail.com,Miguel Alemán (La Doce),1954-03-20,25001 to 50000
00218,James Gordillo,26,pooja.bhatia@integral.com,Saint-Ouen-l'Aumône,1999-08-26,10001 to 25000
00219,Bernard Beck,31,prachis@packtpub.com,Magarao,1954-06-02,No Income
00220,Felix Shirley,27,pramod.n@marlabs.com,Athlone,1962-01-22,25001 to 50000
00221,Linda Thurlow,21,priya.anand@avl.com,Camborne,1982-11-20,No Income
00222,Willie Gee,23,priya@tspl.com,Nārāyanpet,1995-09-10,No Income
00223,John Titus,26,priyankak@interactcrm.com,Coronel Suárez,1992-03-14,10001 to 25000
00224,Terrance Keith,32,ps.careers@philips.com,Juiz de Fora,1966-08-30,More than 50000
00225,Shirley Williams,25,psofreshers@subexazure.com,Ujiie,1954-08-24,No Income
00226,Peter Dahlke,28,ragarwal@informatica.com,Shāhpur,1962-06-24,10001 to 25000
00227,Anthony Smith,21,rajbir@techraysolutions.com,Divichibazar,1972-09-30,No Income
00228,Jaime Sommers,24,rameshwar.singh@hp.com,Hachimantai,1976-06-14,No Income
00229,Karen Andrews,26,rashi.arora@igate.com,Shājāpur,1981-08-04,10001 to 25000
00230,Debbie Valencia,32,recruit@eds.com,Gerona,1961-05-11,25001 to 50000
00231,Ben Bowser,29,recruitment_fresher@inbox.com,Chaumont,1983-11-15,More than 50000
00232,Donna Powell,21,recruitment.chennai@nokia.com,Mo i Rana,2002-08-24,No Income
00233,Justin Fuqua,24,recruitment@goelganga.com,Braunschweig,1995-04-11,25001 to 50000
00234,Elsie Stephens,26,rekhaaranha@gmail.com,Duliāgaon,1977-09-30,More than 50000
00235,Christopher Finch,25,resumes.bangalore@siemens.com,Marcq-en-Barœul,1989-02-18,More than 50000
00236,Eugene Heck,29,resumesubmition@novell.com,Arden-Arcade,1996-08-30,25001 to 50000
00237,Terry Mcphail,22,riya.freshers@rediffmail.com,Fordon,1978-08-06,No Income
00238,Aaron Delgado,24,roja.j@ge.com,Xiaoshi,1964-05-10,No Income
00239,Donald Johnson,27,sai_prashanth@dell.com,Khabarovsk Vtoroy,2004-01-25,25001 to 50000
00240,Sara Rodriguez,23,samarpita.banerjee@wipro.com,Kingswinford,1962-05-01,No Income
00241,Lianne Battle,32,sameer.panda@intecbilling.com,Kotri,1963-12-05,More than 50000
00242,Kevin Wirtz,22,sgi@ggheewala.com,Ermesinde,2002-07-11,No Income
00243,Crystal White,28,shalu@ewaretechnologies.com,Pilibangan,1988-04-21,25001 to 50000
00244,John Turner,23,shamshersingh2k@rediffmail.com,Yamaga,1998-08-23,No Income
00245,Jim Erling,30,shapethefuture.in@siemens.com,Fukayachō,1960-11-16,More than 50000
00246,David Howell,21,sheela.venkatesh@sap.com,Felanitx,1970-10-30,No Income
00247,Scott Fusco,26,shish.juneja@macfee.com,Tungi,1968-04-07,Below Rs.10000
00248,Samuel Lewis,25,shruti.sharan@avl.com,Cockburn Town,1972-08-25,More than 50000
00249,Ralph Holder,31,srinivasarao.b@mphasis.com,Vallabh Vidyanagar,1987-03-24,Below Rs.10000
00250,Napoleon Vega,23,srividya_m@trigent.com,Uki,2002-01-03,25001 to 50000
00251,Louis Skinner,29,steve@sysnetts.com,Holloway,1956-06-04,25001 to 50000
00252,Lonnie Hartman,21,su_mehra@rediffmail.com,Pontedera,1985-08-25,No Income
00253,Cassandra Pepin,20,supportteam@icsi.net,Barcelona,1991-09-08,No Income
00254,Marsha Grollimund,22,sushma.jyothi@supportsoft.com,Ōme,1963-06-15,10001 to 25000
00255,Kenneth Waddell,30,syamala.j@inetframe.com,North Charleston,1965-01-24,No Income
00256,Julie Martinez,27,lingesh_kumar@dell.com,Lido di Ostia,2000-07-17,More than 50000
00257,Ty Scott,23,lipsan@triumphsys.com,Jaguariaíva,1975-09-19,No Income
00258,Michael Griffies,30,maagschrdjob@maersk.com,Mogoditshane,1989-05-21,25001 to 50000
00259,Patricia Strickland,23,madhavi@captronicsystems.com,Potters Bar,1970-06-05,No Income
00260,David Lewis,28,madhu.yiligar@ecanarys.com,Jalolquduq,1954-02-27,25001 to 50000
00261,Randall Grant,30,mahasweta.pandit@unisys.com,Zamora,1981-01-17,More than 50000
00262,Gina Kitanik,24,malik@sunexsolutions.com,Mazār-e Sharīf,1960-09-06,25001 to 50000
00263,Philip Fernandez,21,management.trainee@gsk.com,Fulwood,1954-12-02,No Income
00264,Velma Perry,23,mani.thamanam@relianceada.com,Scarborough,1972-03-23,10001 to 25000
00265,Lester Reid,25,manjunair@macmet.com,El Dorado,1988-04-25,More than 50000
00266,Reginald Metz,24,manjuneeraja.murlidhar@capgemini.com,Ballwin,1999-08-27,25001 to 50000
00267,Jeffrey Beltran,26,manuel.george@subexazure.com,Caupolicán,1980-10-13,10001 to 25000
00268,Ruth Lachley,25,mayank.jain@birlasoft.com,Rama,1981-11-22,25001 to 50000
00269,John Doughty,22,mcv@csc.com,Losheim,1970-03-02,25001 to 50000
00270,Brenda Arellano,26,megharani.p@growelsoftech.com,Baliuag,1966-03-17,25001 to 50000
00271,Arthur Spangler,23,mintualex@huawei.com,Maying,1991-06-24,10001 to 25000
00272,Donald Dickey,21,mittal_nidhi@emc.com,Makhachkala,1966-12-05,Below Rs.10000
00273,Weldon Jimenez,25,mohamed@logesys.com,Qilian,1979-08-10,25001 to 50000
00274,Carl Parker,24,mohamed.anjum@intecbilling.com,Timashyovsk,1989-04-04,10001 to 25000
00275,Allison Seales,22,mr@nous.soft.net,Kazan,1955-05-30,No Income
00276,Maryellen Berg,23,ms@maventic.com,Sunzha,1960-11-19,No Income
00277,Collin Escudero,24,mycareer@progen.com,Ciudad de Armería,1996-08-19,More than 50000
00278,Robert Robinson,22,mycareer@incat.com,Dhaka,1983-10-26,No Income
00279,Justin Cotton,30,nagalakshmi.jagannatha@capco.com,Ōita,1972-12-01,More than 50000
00280,Gabriel Hernandez,23,nameeta.kagva@honeywell.com,Sofifi,2000-06-30,10001 to 25000
00281,George Martinez,19,nameeta.kagvate@honeywell.com,Isparta,1971-06-06,No Income
00282,Dale Totten,21,nameeta.maskikar@verinon.com,Salto de Pirapora,1971-08-13,No Income
00283,Lee Noh,23,nanditha.sudhindra@oracle.com,Toyohama,1983-03-02,No Income
00284,Joey Presley,24,narayan@asmltd.com,Zürich (Kreis 8),1959-07-13,25001 to 50000
00285,Harold Pannenbacker,26,nataraju@quicklogic.com,Jinchang,1954-12-24,10001 to 25000
00286,Roger Delarosa,26,nath.nallapeta@capgemini.com,Willich,1979-06-11,No Income
00287,Lawrence Spooner,25,naveen.kukutapu@teradata.com,Chemnitz,1977-04-30,10001 to 25000
00288,Jack Vandiver,28,nchandra@xavient.com,Santiago Momoxpan,1985-07-18,25001 to 50000
00289,Mary Miller,25,neeraja.murlidhar@capgemini.com,Santiago Tuxtla,1972-10-17,No Income
00290,Grace Warren,20,neetha.bsn@wipro.com,Velasco Ibarra,1976-11-26,No Income
00291,Brett Fishback,27,neetu.satsangi@evalueserve.com,Mococa,1959-10-30,More than 50000
00292,James Adcock,25,ngudikote@ciber.com,Boyle Heights,1988-04-27,25001 to 50000
00293,Sarah Maciel,24,nidhi.tulsi@accenture.com,Trstenik,1955-09-18,No Income
00294,Robert Stone,25,nithya.medappa@marlabs.com,East End-Danforth,1964-11-05,More than 50000
00295,Stephen Bonavia,25,office@shredskerala.org,Tomé,1960-05-27,25001 to 50000
00296,Nancy Kelly,24,ofhrd@sterlite.com,Yŏnggwang-ŭp,1977-11-10,Below Rs.10000
00297,Charles Hughes,24,p.bubna@zensar.com,Villa Santa Rita,2000-04-09,No Income
00298,Carole Soileau,22,pawan.bhatia@sgcib.com,Cicurug,1984-07-17,10001 to 25000
00299,Ronald Mcnealy,28,pic.careers@philips.com,East Concord,1966-07-21,25001 to 50000
00300,Janis Robertson,25,pivot@freshersworld.com,Viersen,1996-06-10,More than 50000
00301,Cathleen Devries,22,pms.jobs@philips.com,Zülpich,1990-12-05,Below Rs.10000
00302,Josephine Garcia,22,pooja.maruthi@apcc.com,Talamba,1978-08-03,No Income
00303,Tim Bean,22,ppanthula@sapient.com,Khushāb,1991-11-02,Below Rs.10000
00304,Glenna Laundree,27,ppundir@cisco.com,Bronte,1968-04-21,More than 50000
00305,Edward Passmore,22,prachi.rane@cgi.com,Holiday,1967-06-17,No Income
00306,Annette Silva,24,pradeep.unni@relianceada.com,Dachau,1967-11-21,No Income
00307,Robert Saran,23,prajkta.salvi@eyeglobal.com,Tecate,1974-03-10,No Income
00308,Jami Riley,23,prasanth@kalkitech.com,Pallikondai,1962-12-09,No Income
00309,Robert Benedetto,22,prashant@infynita.com,Fleurus,1994-10-16,No Income
00310,Anna Klarich,23,prashanth@oneapps.com,Gweru,1994-05-26,Below Rs.10000
00311,Hazel Messana,32,praveena@bootstraptech.com,Jutiapa,1957-02-01,More than 50000
00312,James Copeland,25,prema@captronicsystems.com,Limerick,1990-08-12,No Income
00313,William Smith,28,prema@capatronics.com,Mulhouse,1992-04-04,10001 to 25000
00314,David Bretz,21,priya@sgstechnologie.com,La Goulette,1976-11-20,No Income
00315,Mary Daughrity,24,priyanka.rai@edelcap.com,Pasrur,1961-08-15,No Income
00316,Susan Korfhage,26,profile@jyopa.com,Huarmey,1964-02-21,10001 to 25000
00317,Joyce Love,32,prsnl@tvstyres.com,Chengxian Chengguanzhen,1966-03-16,25001 to 50000
00318,Joshua Hatley,29,psaritha@crmit.com,Roxas,2003-04-13,More than 50000
00319,William Turner,21,pushpa.gowda@gxs.com,Köniz,2002-10-09,No Income
00320,Arthur Mcneil,24,qestoin@motorola.com,Fort Beaufort,2002-01-12,25001 to 50000
00321,Dorothy Green,26,rajesh@rpigroup.com,Odivelas,1979-06-17,More than 50000
00322,Sylvia Grimmett,21,rajesh.shetty@sasken.com,Hacienda Heights,1998-08-29,More than 50000
00323,Carolyn Maldonado,29,rajiv.ganguly@emc.com,Piombino,1977-07-20,25001 to 50000
00324,Neal Weiss,22,raju.m@aryaansolutions.com,East Hemet,2001-10-05,No Income
00325,Richard Fullmer,24,rakesh@msourceone.com,Porirua,1988-01-28,No Income
00326,Gerard Caravati,27,sastry.vadlamani@ni.com,Menghuan,1982-12-20,25001 to 50000
00327,Dustin Baylon,23,satendra.kumar@misys.com,Piraí do Sul,1968-02-10,No Income
00328,Gerald Graham,32,savita.hortikar@oracle.com,Anandpur,2000-02-19,More than 50000
00329,Ramona Ridgeway,22,sayantanbanerjee@eaton.com,Al Jadīd,1974-12-30,No Income
00330,Robert Nolan,22,seema.bansal@honeywell.com,Hawthorn South,1957-02-24,25001 to 50000
00331,Iva Hamilton,26,shobha.k@ranal.com,Makrāna,1965-12-10,More than 50000
00332,Raymond Butler,25,shwetha.ms@subexazure.com,Bloomingdale,1996-12-18,No Income
00333,Jong Pinkett,20,simmanuel@apexdecisions.com,Chivilcoy,1999-06-12,No Income
00334,Sandra Griffin,29,simon.avinash@netapp.com,Meijiang,1970-01-06,25001 to 50000
00335,Karon King,23,skuppuswamy@nvidia.com,Kitob,1998-11-09,No Income
00336,Amanda Rosas,25,smith.zachariah@unisys.com,Strathfield,1956-05-07,More than 50000
00337,George Huneycutt,29,smitha.shanbag@oracle.com,Lago da Pedra,1962-07-29,25001 to 50000
00338,Heidi Jamon,27,soham.dingare@sos.sungard.com,Klintsy,1990-06-16,25001 to 50000
00339,Edward Middleton,25,sonalisa.kar@ge.com,Graz,1997-03-01,10001 to 25000
00340,Michael Vazquez,21,sooraj_m@merittrac.com,Lamezia Terme,1978-06-15,No Income
00341,Alfredia Susana,23,m@merittrac.com,Sandy Springs,1982-03-08,No Income
00342,Dennis Parizo,24,soumya@impsmanagement.com,Mīnjūr,1962-07-21,10001 to 25000
00343,Salvador Clark,22,sowmya@gnostice.com,Anakāpalle,1965-01-22,10001 to 25000
00344,Joanne Rowald,28,spandey@techmahindra.com,Ontinyent,1961-09-25,25001 to 50000
00345,Phyllis Paquette,26,sreedevi.basa@honeywell.com,Vernon,2003-07-09,10001 to 25000
00346,Juan Malone,22,sreejith@asmltd.com,Dimitrovgrad,1968-09-18,25001 to 50000
00347,Verna Hamilton,26,sreekanthca@huawei.com,Jagdīspur,1985-01-14,More than 50000
00348,Kenneth Pace,25,sreenivasulu.m@akaerotek.com,Wallenhorst,1980-08-09,No Income
00349,Cruz Branton,20,srikanth@cgi.com,Sri Mādhopur,1964-06-30,No Income
00350,Lisa Smith,29,srilakshmi.ramagopal@accenture.com,Irbid,1958-04-28,25001 to 50000
00351,Olga Ainley,23,srivinodhinim@huawei.com,Kenilworth,1987-05-30,No Income
00352,Christy Miranda,25,ssen@interwoven.com,Litherland,1974-12-06,More than 50000
00353,Marianne Turkel,29,sshakar@ipass.com,Miharu,1984-06-15,25001 to 50000
00354,Kathleen Gonzalez,27,sshekar@ipass.com,Kamba,1992-05-08,25001 to 50000
00355,Kimberley Havens,25,subamalar.poovaragan@wipro.com,Shahbazpur,1954-04-24,10001 to 25000
00356,Dolores Ewert,21,sudha_s@trigent.com,Jizan,1964-03-22,No Income
00357,Lynn Roche,24,sudheer.n@techgene.com,Tbilisskaya,1971-02-22,No Income
00358,Jason Trax,26,sujatha.devraj.ext@siemens.com,Osny,1987-03-11,10001 to 25000
00359,Lisa Hamilton,32,sunder@polaris.com,Segbwema,1957-07-28,25001 to 50000
00360,Nancy Didonna,29,sunilk@asmltd.com,Coney Island,1989-04-19,More than 50000
00361,Nigel Peacock,21,sunitha.rm@sap.com,Pereslavl’-Zalesskiy,1988-07-14,No Income
00362,Wilson Laflamme,24,support@bsquareinternational.com,Cúa,1978-01-30,25001 to 50000
00363,Edward Cobb,26,swapna.bg@subexazure.com,Ţūkh,1961-06-24,More than 50000
00364,Cathleen Grant,31,swapna.mayappa@mphasis.com,Sürmene,1992-09-08,More than 50000
00365,Andera Allen,29,swastic@cgi.com,Skhirate,1999-07-18,25001 to 50000
00366,Elizabeth Pince,22,swathi@infoexpertsusa.com,Dalkola,1977-02-03,No Income
00367,Lisa Bookout,24,syed@roljobs.com,Terrace Heights,1971-09-27,No Income
00368,Virgil Gonce,27,talent@rbos.com,Bāniyās,1975-11-27,25001 to 50000
00369,Richard Onisick,23,talent.search@intinfotech.com,Zwickau,1974-12-08,No Income
00370,Gilberte Hill,30,tanya.mannan@mphasis.com,Petrolina,2001-04-29,More than 50000
00371,Priscilla Wagner,22,teccareersbdc@aim.com,Diffa,1958-03-15,No Income
00372,Helen Mccormack,28,teilhr@teil.soft.net,Talamba,1973-02-07,25001 to 50000
00373,Ora Jefferies,23,titu.joy@geodesic.com,Radovis,1956-01-08,No Income
00374,Florence Harlow,30,tresa@solverminds.com,Ceadîr-Lunga,1965-11-14,More than 50000
00375,Kim Nevin,21,tsobg@convergys.com,Issia,1972-06-13,No Income
00376,Renee Gutierrez,26,uma.r@ittiam.com,El Hamma,1979-05-06,Below Rs.10000
00377,Ben Long,25,urmimala.sarkar@keane.com,Ipís,1986-08-25,More than 50000
00378,Thomas Powe,31,v.koshy@teles.com,Cativá,1995-01-12,Below Rs.10000
00379,Robert Day,23,v.puja@wiquest.com,Xianshuigu,1957-12-09,25001 to 50000
00380,Margaret Sanchez,22,vanaja.menon@samsung.com,Les Corts,1963-04-18,Below Rs.10000
00381,Margaret Smith,27,vaneeta@nelito.com,Inozemtsevo,1975-03-04,More than 50000
00382,Alexis Jude,22,vbajaj@adityabirla.com,Mauganj,1976-03-13,No Income
00383,Aline Perez,24,venkatesh@witinnovation.com,Dej,1954-09-21,No Income
00384,Jenifer Baker,23,venkatrao.k@ge.com,Kabbasin,2002-04-06,No Income
00385,Heather Marshall,23,verizon@merittrac.com,Vologda,1966-05-05,No Income
00386,Hettie Mcdonald,22,vgsl@tminetwork.com,Pushkino,1966-04-18,No Income
00387,Roman Gibbs,23,vijay.maremanda@applabs.com,Eloy Alfaro,1963-06-24,Below Rs.10000
00388,George Zack,23,vijay.venkatraman@sap.com,Arfoud,1960-09-26,No Income
